<?xml version="1.0" encoding="UTF-8"?>
<!DOCTYPE suite SYSTEM "http://testng.org/testng-1.0.dtd">
<suite name="Suite" parallel="tests" >

  
  <test name="Firefoxe">
 	 <parameter name="browser" value="firefox"/>
    <classes>
      <class name="com.osa.test.HomePage"/>
    </classes>
  </test> 
  
  <test name="Chrome">
 	 <parameter name="browser" value="chrome"/>
    <classes>
      <class name="com.osa.test.HomePage"/>
    </classes>
  </test> 
  
  <test name="Chrome1">
 	 <parameter name="browser" value="chrome"/>
    <classes>
      <class name="com.osa.test.HomePage"/>
    </classes>
  </test> 
  
  
  
  
</suite> <!-- Suite -->
